orientation	count	pct_of_all_reads	pct_of_flanked_reads
R1|R1_rc	2480	0.496	0.8757062146892656
R1_rc|R1	198	0.0396	0.06991525423728813
R1_rc|R1_rc	83	0.0166	0.029307909604519775
R1|R1	71	0.0142	0.025070621468926555
