orientation	count	pct_of_all_reads	pct_of_flanked_reads
R1|R1_rc	2061	0.4122	0.8334007278608977
R1|R1	152	0.0304	0.061463809138697936
R1_rc|R1_rc	137	0.0274	0.05539830165790538
R1_rc|R1	123	0.0246	0.04973716134249899
